{"__type__":"sp.SkeletonData","_name":"Seaweed_2","skeletonJsonStr":"{\n\"skeleton\": {\n\t\"hash\": \"0DShqyQO0lzjmFnRjeZmBpNbjkY\",\n\t\"spine\": \"3.8.04-beta\",\n\t\"width\": 74,\n\t\"height\": 99,\n\t\"fps\": 60,\n\t\"images\": \"./images/\",\n\t\"audio\": \"E:/Work_for_fun/Outsources/Anim/MB_Bee/Projects/Seaweed\"\n},\n\"bones\": [\n\t{ \"name\": \"root\" },\n\t{ \"name\": \"2\", \"parent\": \"root\", \"x\": -0.18, \"y\": 1.49 },\n\t{ \"name\": \"3\", \"parent\": \"2\", \"x\": -28.56, \"y\": 35.49 },\n\t{ \"name\": \"4\", \"parent\": \"2\", \"x\": 18.9, \"y\": 33.18 },\n\t{ \"name\": \"5\", \"parent\": \"2\", \"x\": -0.84, \"y\": 80.43 }\n],\n\"slots\": [\n\t{ \"name\": \"2\", \"bone\": \"2\", \"attachment\": \"2\" }\n],\n\"skins\": {\n\t\"default\": {\n\t\t\"2\": {\n\t\t\t\"2\": {\n\t\t\t\t\"type\": \"mesh\",\n\t\t\t\t\"uvs\": [ 0.45725, 1, 0.71833, 1, 0.72117, 0.91545, 0.92691, 0.80231, 0.99999, 0.69273, 1, 0.48909, 0.72684, 0.3003, 0.78644, 0, 0.18481, 0, 0.27563, 0.20273, 0, 0.33636, 0, 0.68424, 0.1763, 0.74788, 0.42036, 0.79455, 0.43454, 0.91758, 0.33238, 0.51242, 0.65873, 0.65455, 0.50265, 0.31091 ],\n\t\t\t\t\"triangles\": [ 16, 17, 6, 15, 9, 17, 6, 17, 7, 7, 17, 9, 9, 8, 7, 2, 16, 3, 3, 16, 4, 4, 16, 5, 16, 6, 5, 12, 15, 13, 13, 15, 16, 12, 11, 15, 11, 10, 15, 15, 17, 16, 10, 9, 15, 1, 0, 2, 0, 14, 2, 14, 13, 2, 13, 16, 2 ],\n\t\t\t\t\"vertices\": [ 1, 1, -8.82, -4.59, 1, 1, 1, 10.29, -4.59, 1, 3, 1, 10.5, 3.78, 0.80677, 2, 39.06, -31.71, 0.00924, 3, -8.4, -29.4, 0.18399, 3, 1, 25.73, 14.98, 0.21332, 2, 54.29, -20.51, 1.4E-4, 3, 6.83, -18.2, 0.78654, 2, 1, 31.13, 25.83, 0.04594, 3, 12.23, -7.35, 0.95406, 3, 2, 59.69, 10.5, 0.0024, 3, 12.23, 12.81, 0.94918, 4, 31.97, -34.44, 0.04841, 3, 2, 39.48, 29.19, 0.08187, 3, -7.98, 31.5, 0.32826, 4, 11.76, -15.75, 0.58987, 1, 4, 16.17, 13.98, 1, 2, 2, -0.63, 58.92, 0.02406, 4, -28.35, 13.98, 0.97594, 3, 2, 6.09, 38.85, 0.27397, 3, -41.37, 41.16, 0.01707, 4, -21.63, -6.09, 0.70896, 3, 2, -14.31, 25.62, 0.79752, 3, -61.77, 27.93, 2.2E-4, 4, -42.03, -19.32, 0.20226, 2, 1, -42.87, 26.67, 8.6E-4, 2, -14.31, -8.82, 0.99914, 3, 1, -29.82, 20.37, 0.0562, 2, -1.26, -15.12, 0.92404, 3, -48.72, -12.81, 0.01977, 4, 1, -11.76, 15.75, 0.46939, 2, 16.8, -19.74, 0.37309, 3, -30.66, -17.43, 0.15673, 4, -10.92, -64.68, 7.9E-4, 3, 1, -10.71, 3.57, 0.90977, 2, 17.85, -31.92, 0.0581, 3, -29.61, -29.61, 0.03213, 4, 1, -18.27, 43.68, 0.01962, 2, 10.29, 8.19, 0.73015, 3, -37.17, 10.5, 0.11802, 4, -17.43, -36.75, 0.1322, 4, 1, 5.88, 29.61, 0.17177, 2, 34.44, -5.88, 0.16268, 3, -13.02, -3.57, 0.63889, 4, 6.72, -50.82, 0.02666, 4, 1, -5.67, 63.63, 2.3E-4, 2, 22.89, 28.14, 0.22999, 3, -24.57, 30.45, 0.16134, 4, -4.83, -16.8, 0.60843 ],\n\t\t\t\t\"hull\": 15,\n\t\t\t\t\"edges\": [ 0, 2, 2, 4, 8, 10, 10, 12, 12, 14, 14, 16, 16, 18, 18, 20, 20, 22, 22, 24, 24, 26, 26, 28, 0, 28, 4, 6, 6, 8, 28, 4 ],\n\t\t\t\t\"width\": 74,\n\t\t\t\t\"height\": 99\n\t\t\t}\n\t\t}\n\t}\n},\n\"animations\": {\n\t\"idle\": {\n\t\t\"bones\": {\n\t\t\t\"5\": {\n\t\t\t\t\"translate\": [\n\t\t\t\t\t{\n\t\t\t\t\t\t\"time\": 0,\n\t\t\t\t\t\t\"x\": 15.95,\n\t\t\t\t\t\t\"y\": -22.81,\n\t\t\t\t\t\t\"curve\": [ 0.353, 0.65, 0.688, 1 ]\n\t\t\t\t\t},\n\t\t\t\t\t{\n\t\t\t\t\t\t\"time\": 0.1667,\n\t\t\t\t\t\t\"x\": 16.34,\n\t\t\t\t\t\t\"y\": -24.1,\n\t\t\t\t\t\t\"curve\": [ 0.25, 0, 0.75, 1 ]\n\t\t\t\t\t},\n\t\t\t\t\t{ \"time\": 2.6667, \"x\": 0, \"y\": 29.92 },\n\t\t\t\t\t{ \"time\": 5, \"x\": 15.95, \"y\": -22.81 }\n\t\t\t\t]\n\t\t\t},\n\t\t\t\"3\": {\n\t\t\t\t\"translate\": [\n\t\t\t\t\t{\n\t\t\t\t\t\t\"time\": 0,\n\t\t\t\t\t\t\"x\": -1.94,\n\t\t\t\t\t\t\"y\": 18.84,\n\t\t\t\t\t\t\"curve\": [ 0.25, 0, 0.75, 1 ]\n\t\t\t\t\t},\n\t\t\t\t\t{\n\t\t\t\t\t\t\"time\": 2.5,\n\t\t\t\t\t\t\"x\": 9.69,\n\t\t\t\t\t\t\"y\": -10.8,\n\t\t\t\t\t\t\"curve\": [ 0.25, 0, 0.75, 1 ]\n\t\t\t\t\t},\n\t\t\t\t\t{ \"time\": 5, \"x\": -1.94, \"y\": 18.84 }\n\t\t\t\t]\n\t\t\t},\n\t\t\t\"4\": {\n\t\t\t\t\"translate\": [\n\t\t\t\t\t{\n\t\t\t\t\t\t\"time\": 0,\n\t\t\t\t\t\t\"x\": 9.13,\n\t\t\t\t\t\t\"y\": -1.55,\n\t\t\t\t\t\t\"curve\": [ 0.349, 0.39, 0.757, 1 ]\n\t\t\t\t\t},\n\t\t\t\t\t{ \"time\": 1.7, \"x\": 0, \"y\": 26.87 },\n\t\t\t\t\t{\n\t\t\t\t\t\t\"time\": 4.2,\n\t\t\t\t\t\t\"x\": 12.46,\n\t\t\t\t\t\t\"y\": -11.91,\n\t\t\t\t\t\t\"curve\": [ 0.266, 0, 0.618, 0.42 ]\n\t\t\t\t\t},\n\t\t\t\t\t{ \"time\": 5, \"x\": 9.13, \"y\": -1.55 }\n\t\t\t\t]\n\t\t\t}\n\t\t}\n\t}\n}\n}","_skeletonJson":{"skeleton":{"hash":"0DShqyQO0lzjmFnRjeZmBpNbjkY","spine":"3.8.04-beta","width":74,"height":99,"fps":60,"images":"./images/","audio":"E:/Work_for_fun/Outsources/Anim/MB_Bee/Projects/Seaweed"},"bones":[{"name":"root"},{"name":"2","parent":"root","x":-0.18,"y":1.49},{"name":"3","parent":"2","x":-28.56,"y":35.49},{"name":"4","parent":"2","x":18.9,"y":33.18},{"name":"5","parent":"2","x":-0.84,"y":80.43}],"slots":[{"name":"2","bone":"2","attachment":"2"}],"skins":{"default":{"2":{"2":{"type":"mesh","uvs":[0.45725,1,0.71833,1,0.72117,0.91545,0.92691,0.80231,0.99999,0.69273,1,0.48909,0.72684,0.3003,0.78644,0,0.18481,0,0.27563,0.20273,0,0.33636,0,0.68424,0.1763,0.74788,0.42036,0.79455,0.43454,0.91758,0.33238,0.51242,0.65873,0.65455,0.50265,0.31091],"triangles":[16,17,6,15,9,17,6,17,7,7,17,9,9,8,7,2,16,3,3,16,4,4,16,5,16,6,5,12,15,13,13,15,16,12,11,15,11,10,15,15,17,16,10,9,15,1,0,2,0,14,2,14,13,2,13,16,2],"vertices":[1,1,-8.82,-4.59,1,1,1,10.29,-4.59,1,3,1,10.5,3.78,0.80677,2,39.06,-31.71,0.00924,3,-8.4,-29.4,0.18399,3,1,25.73,14.98,0.21332,2,54.29,-20.51,0.00014,3,6.83,-18.2,0.78654,2,1,31.13,25.83,0.04594,3,12.23,-7.35,0.95406,3,2,59.69,10.5,0.0024,3,12.23,12.81,0.94918,4,31.97,-34.44,0.04841,3,2,39.48,29.19,0.08187,3,-7.98,31.5,0.32826,4,11.76,-15.75,0.58987,1,4,16.17,13.98,1,2,2,-0.63,58.92,0.02406,4,-28.35,13.98,0.97594,3,2,6.09,38.85,0.27397,3,-41.37,41.16,0.01707,4,-21.63,-6.09,0.70896,3,2,-14.31,25.62,0.79752,3,-61.77,27.93,0.00022,4,-42.03,-19.32,0.20226,2,1,-42.87,26.67,0.00086,2,-14.31,-8.82,0.99914,3,1,-29.82,20.37,0.0562,2,-1.26,-15.12,0.92404,3,-48.72,-12.81,0.01977,4,1,-11.76,15.75,0.46939,2,16.8,-19.74,0.37309,3,-30.66,-17.43,0.15673,4,-10.92,-64.68,0.00079,3,1,-10.71,3.57,0.90977,2,17.85,-31.92,0.0581,3,-29.61,-29.61,0.03213,4,1,-18.27,43.68,0.01962,2,10.29,8.19,0.73015,3,-37.17,10.5,0.11802,4,-17.43,-36.75,0.1322,4,1,5.88,29.61,0.17177,2,34.44,-5.88,0.16268,3,-13.02,-3.57,0.63889,4,6.72,-50.82,0.02666,4,1,-5.67,63.63,0.00023,2,22.89,28.14,0.22999,3,-24.57,30.45,0.16134,4,-4.83,-16.8,0.60843],"hull":15,"edges":[0,2,2,4,8,10,10,12,12,14,14,16,16,18,18,20,20,22,22,24,24,26,26,28,0,28,4,6,6,8,28,4],"width":74,"height":99}}}},"animations":{"idle":{"bones":{"3":{"translate":[{"time":0,"x":-1.94,"y":18.84,"curve":[0.25,0,0.75,1]},{"time":2.5,"x":9.69,"y":-10.8,"curve":[0.25,0,0.75,1]},{"time":5,"x":-1.94,"y":18.84}]},"4":{"translate":[{"time":0,"x":9.13,"y":-1.55,"curve":[0.349,0.39,0.757,1]},{"time":1.7,"x":0,"y":26.87},{"time":4.2,"x":12.46,"y":-11.91,"curve":[0.266,0,0.618,0.42]},{"time":5,"x":9.13,"y":-1.55}]},"5":{"translate":[{"time":0,"x":15.95,"y":-22.81,"curve":[0.353,0.65,0.688,1]},{"time":0.1667,"x":16.34,"y":-24.1,"curve":[0.25,0,0.75,1]},{"time":2.6667,"x":0,"y":29.92},{"time":5,"x":15.95,"y":-22.81}]}}}}},"_atlasText":"\nSeaweed_2.png\nsize: 128,128\nformat: RGBA8888\nfilter: Linear,Linear\nrepeat: none\n2\n  rotate: false\n  xy: 2, 2\n  size: 74, 99\n  orig: 74, 99\n  offset: 0, 0\n  index: -1\n","textures":[{"__uuid__":"6e5gk46lBBwqrk0aFRWAs3"}],"textureNames":["Seaweed_2.png"]}