{"__type__":"sp.SkeletonData","_name":"Seaweed_5","skeletonJsonStr":"{\n\"skeleton\": {\n\t\"hash\": \"+wMrkMcS+loNAbyamZTZhE0dyqY\",\n\t\"spine\": \"3.8.04-beta\",\n\t\"width\": 70,\n\t\"height\": 490,\n\t\"fps\": 60,\n\t\"images\": \"./images/\",\n\t\"audio\": \"E:/Work_for_fun/Outsources/Anim/MB_Bee/Projects/Seaweed\"\n},\n\"bones\": [\n\t{ \"name\": \"root\" },\n\t{ \"name\": \"5\", \"parent\": \"root\", \"x\": -2.56, \"y\": 2.13 },\n\t{ \"name\": \"6\", \"parent\": \"5\", \"x\": -5.81, \"y\": 112.4 },\n\t{ \"name\": \"7\", \"parent\": \"5\", \"x\": -20.35, \"y\": 220.93 },\n\t{ \"name\": \"8\", \"parent\": \"5\", \"x\": 2.91, \"y\": 299.42 },\n\t{ \"name\": \"9\", \"parent\": \"5\", \"x\": -5.81, \"y\": 367.25 },\n\t{ \"name\": \"10\", \"parent\": \"5\", \"x\": 10.66, \"y\": 414.73 },\n\t{ \"name\": \"11\", \"parent\": \"5\", \"x\": 24.23, \"y\": 446.71 }\n],\n\"slots\": [\n\t{ \"name\": \"5\", \"bone\": \"5\", \"attachment\": \"5\" }\n],\n\"skins\": {\n\t\"default\": {\n\t\t\"5\": {\n\t\t\t\"5\": {\n\t\t\t\t\"type\": \"mesh\",\n\t\t\t\t\"uvs\": [ 1, 1, 0, 1, 0, 0.83333, 0, 0.66667, 0, 0.5, 0, 0.33333, 0, 0.25595, 0, 0.16667, 0, 0.07599, 0, 0, 1, 0, 1, 0.07994, 1, 0.16667, 1, 0.25595, 1, 0.33333, 1, 0.5, 1, 0.66667, 1, 0.83333 ],\n\t\t\t\t\"triangles\": [ 6, 7, 12, 13, 6, 12, 5, 6, 13, 5, 13, 14, 4, 5, 14, 4, 14, 15, 3, 4, 15, 3, 15, 16, 2, 3, 16, 2, 16, 17, 8, 9, 10, 8, 10, 11, 7, 8, 11, 7, 11, 12, 1, 2, 17, 1, 17, 0 ],\n\t\t\t\t\"vertices\": [ 2, 1, 43.03, -17.68, 0.99573, 2, 48.84, -130.09, 0.00427, 1, 1, -26.97, -17.68, 1, 2, 1, -26.97, 63.98, 0.38973, 2, -21.16, -48.42, 0.61027, 2, 2, -21.16, 33.24, 0.73078, 3, -6.62, -75.28, 0.26922, 2, 3, -6.62, 6.38, 0.94532, 4, -29.88, -72.11, 0.05468, 3, 3, -6.62, 88.05, 0.0105, 4, -29.88, 9.56, 0.8155, 5, -21.16, -58.27, 0.174, 2, 4, -29.88, 47.48, 0.2384, 5, -21.16, -20.35, 0.7616, 3, 6, -37.63, -24.08, 0.40877, 7, -51.2, -56.06, 7.3E-4, 5, -21.16, 23.4, 0.5905, 3, 6, -37.63, 20.35, 0.61877, 7, -51.2, -11.63, 0.35292, 5, -21.16, 67.83, 0.02831, 2, 6, -37.63, 57.58, 0.30145, 7, -51.2, 25.61, 0.69855, 1, 7, 18.8, 25.61, 1, 3, 6, 32.37, 18.41, 0.2813, 7, 18.8, -13.57, 0.71579, 5, 48.84, 65.89, 0.0029, 4, 6, 32.37, -24.08, 0.61883, 7, 18.8, -56.06, 0.02885, 4, 40.12, 91.23, 0.01936, 5, 48.84, 23.4, 0.33295, 3, 6, 32.37, -67.83, 0.10996, 4, 40.12, 47.48, 0.34339, 5, 48.84, -20.35, 0.54666, 4, 6, 32.37, -105.75, 0.00346, 3, 63.38, 88.05, 0.02145, 4, 40.12, 9.56, 0.80955, 5, 48.84, -58.27, 0.16554, 3, 2, 48.84, 114.91, 0.06964, 3, 63.38, 6.38, 0.67497, 4, 40.12, -72.11, 0.25539, 4, 1, 43.03, 145.65, 9.5E-4, 2, 48.84, 33.24, 0.71093, 3, 63.38, -75.28, 0.2881, 4, 40.12, -153.77, 1.0E-5, 2, 1, 43.03, 63.98, 0.40969, 2, 48.84, -48.42, 0.59031 ],\n\t\t\t\t\"hull\": 18,\n\t\t\t\t\"edges\": [ 0, 2, 2, 4, 4, 6, 6, 8, 8, 10, 18, 20, 28, 30, 30, 32, 32, 34, 34, 0, 14, 16, 16, 18, 20, 22, 22, 24, 10, 12, 12, 14, 24, 26, 26, 28 ],\n\t\t\t\t\"width\": 70,\n\t\t\t\t\"height\": 490\n\t\t\t}\n\t\t}\n\t}\n},\n\"animations\": {\n\t\"idle\": {\n\t\t\"bones\": {\n\t\t\t\"6\": {\n\t\t\t\t\"translate\": [\n\t\t\t\t\t{\n\t\t\t\t\t\t\"time\": 0,\n\t\t\t\t\t\t\"x\": 28.29,\n\t\t\t\t\t\t\"y\": -27.35,\n\t\t\t\t\t\t\"curve\": [ 0.25, 0, 0.75, 1 ]\n\t\t\t\t\t},\n\t\t\t\t\t{\n\t\t\t\t\t\t\"time\": 4.1667,\n\t\t\t\t\t\t\"x\": -26.4,\n\t\t\t\t\t\t\"y\": 55.64,\n\t\t\t\t\t\t\"curve\": [ 0.25, 0, 0.75, 1 ]\n\t\t\t\t\t},\n\t\t\t\t\t{ \"time\": 8.3333, \"x\": 28.29, \"y\": -27.35 }\n\t\t\t\t]\n\t\t\t},\n\t\t\t\"7\": {\n\t\t\t\t\"translate\": [\n\t\t\t\t\t{\n\t\t\t\t\t\t\"time\": 0,\n\t\t\t\t\t\t\"x\": 25.96,\n\t\t\t\t\t\t\"y\": -23.82,\n\t\t\t\t\t\t\"curve\": [ 0.36, 0.64, 0.695, 1 ]\n\t\t\t\t\t},\n\t\t\t\t\t{\n\t\t\t\t\t\t\"time\": 0.4167,\n\t\t\t\t\t\t\"x\": 28.29,\n\t\t\t\t\t\t\"y\": -27.35,\n\t\t\t\t\t\t\"curve\": [ 0.25, 0, 0.75, 1 ]\n\t\t\t\t\t},\n\t\t\t\t\t{\n\t\t\t\t\t\t\"time\": 4.5833,\n\t\t\t\t\t\t\"x\": -26.4,\n\t\t\t\t\t\t\"y\": 55.64,\n\t\t\t\t\t\t\"curve\": [ 0.245, 0, 0.711, 0.83 ]\n\t\t\t\t\t},\n\t\t\t\t\t{ \"time\": 8.3333, \"x\": 25.96, \"y\": -23.82 }\n\t\t\t\t]\n\t\t\t},\n\t\t\t\"8\": {\n\t\t\t\t\"translate\": [\n\t\t\t\t\t{\n\t\t\t\t\t\t\"time\": 0,\n\t\t\t\t\t\t\"x\": 21.17,\n\t\t\t\t\t\t\"y\": -16.55,\n\t\t\t\t\t\t\"curve\": [ 0.375, 0.62, 0.716, 1 ]\n\t\t\t\t\t},\n\t\t\t\t\t{\n\t\t\t\t\t\t\"time\": 0.8333,\n\t\t\t\t\t\t\"x\": 28.29,\n\t\t\t\t\t\t\"y\": -27.35,\n\t\t\t\t\t\t\"curve\": [ 0.25, 0, 0.75, 1 ]\n\t\t\t\t\t},\n\t\t\t\t\t{\n\t\t\t\t\t\t\"time\": 5,\n\t\t\t\t\t\t\"x\": -26.4,\n\t\t\t\t\t\t\"y\": 55.64,\n\t\t\t\t\t\t\"curve\": [ 0.243, 0, 0.68, 0.71 ]\n\t\t\t\t\t},\n\t\t\t\t\t{ \"time\": 8.3333, \"x\": 21.17, \"y\": -16.55 }\n\t\t\t\t]\n\t\t\t},\n\t\t\t\"9\": {\n\t\t\t\t\"translate\": [\n\t\t\t\t\t{\n\t\t\t\t\t\t\"time\": 0,\n\t\t\t\t\t\t\"x\": 12.06,\n\t\t\t\t\t\t\"y\": -2.72,\n\t\t\t\t\t\t\"curve\": [ 0.382, 0.57, 0.736, 1 ]\n\t\t\t\t\t},\n\t\t\t\t\t{\n\t\t\t\t\t\t\"time\": 1.4333,\n\t\t\t\t\t\t\"x\": 28.29,\n\t\t\t\t\t\t\"y\": -27.35,\n\t\t\t\t\t\t\"curve\": [ 0.25, 0, 0.75, 1 ]\n\t\t\t\t\t},\n\t\t\t\t\t{\n\t\t\t\t\t\t\"time\": 5.6,\n\t\t\t\t\t\t\"x\": -26.4,\n\t\t\t\t\t\t\"y\": 55.64,\n\t\t\t\t\t\t\"curve\": [ 0.243, 0, 0.647, 0.59 ]\n\t\t\t\t\t},\n\t\t\t\t\t{ \"time\": 8.3333, \"x\": 12.06, \"y\": -2.72 }\n\t\t\t\t]\n\t\t\t},\n\t\t\t\"10\": {\n\t\t\t\t\"translate\": [\n\t\t\t\t\t{\n\t\t\t\t\t\t\"time\": 0,\n\t\t\t\t\t\t\"x\": 5.01,\n\t\t\t\t\t\t\"y\": 7.98,\n\t\t\t\t\t\t\"curve\": [ 0.379, 0.53, 0.746, 1 ]\n\t\t\t\t\t},\n\t\t\t\t\t{\n\t\t\t\t\t\t\"time\": 1.85,\n\t\t\t\t\t\t\"x\": 28.29,\n\t\t\t\t\t\t\"y\": -27.35,\n\t\t\t\t\t\t\"curve\": [ 0.25, 0, 0.75, 1 ]\n\t\t\t\t\t},\n\t\t\t\t\t{\n\t\t\t\t\t\t\"time\": 6.0167,\n\t\t\t\t\t\t\"x\": -26.4,\n\t\t\t\t\t\t\"y\": 55.64,\n\t\t\t\t\t\t\"curve\": [ 0.247, 0, 0.631, 0.53 ]\n\t\t\t\t\t},\n\t\t\t\t\t{ \"time\": 8.3333, \"x\": 5.01, \"y\": 7.98 }\n\t\t\t\t]\n\t\t\t},\n\t\t\t\"11\": {\n\t\t\t\t\"translate\": [\n\t\t\t\t\t{\n\t\t\t\t\t\t\"time\": 0,\n\t\t\t\t\t\t\"x\": -3.12,\n\t\t\t\t\t\t\"y\": 20.31,\n\t\t\t\t\t\t\"curve\": [ 0.369, 0.47, 0.753, 1 ]\n\t\t\t\t\t},\n\t\t\t\t\t{\n\t\t\t\t\t\t\"time\": 2.3167,\n\t\t\t\t\t\t\"x\": 28.29,\n\t\t\t\t\t\t\"y\": -27.35,\n\t\t\t\t\t\t\"curve\": [ 0.25, 0, 0.75, 1 ]\n\t\t\t\t\t},\n\t\t\t\t\t{\n\t\t\t\t\t\t\"time\": 6.4833,\n\t\t\t\t\t\t\"x\": -26.4,\n\t\t\t\t\t\t\"y\": 55.64,\n\t\t\t\t\t\t\"curve\": [ 0.254, 0, 0.621, 0.47 ]\n\t\t\t\t\t},\n\t\t\t\t\t{ \"time\": 8.3333, \"x\": -3.12, \"y\": 20.31 }\n\t\t\t\t]\n\t\t\t}\n\t\t}\n\t}\n}\n}","_skeletonJson":{"skeleton":{"hash":"+wMrkMcS+loNAbyamZTZhE0dyqY","spine":"3.8.04-beta","width":70,"height":490,"fps":60,"images":"./images/","audio":"E:/Work_for_fun/Outsources/Anim/MB_Bee/Projects/Seaweed"},"bones":[{"name":"root"},{"name":"5","parent":"root","x":-2.56,"y":2.13},{"name":"6","parent":"5","x":-5.81,"y":112.4},{"name":"7","parent":"5","x":-20.35,"y":220.93},{"name":"8","parent":"5","x":2.91,"y":299.42},{"name":"9","parent":"5","x":-5.81,"y":367.25},{"name":"10","parent":"5","x":10.66,"y":414.73},{"name":"11","parent":"5","x":24.23,"y":446.71}],"slots":[{"name":"5","bone":"5","attachment":"5"}],"skins":{"default":{"5":{"5":{"type":"mesh","uvs":[1,1,0,1,0,0.83333,0,0.66667,0,0.5,0,0.33333,0,0.25595,0,0.16667,0,0.07599,0,0,1,0,1,0.07994,1,0.16667,1,0.25595,1,0.33333,1,0.5,1,0.66667,1,0.83333],"triangles":[6,7,12,13,6,12,5,6,13,5,13,14,4,5,14,4,14,15,3,4,15,3,15,16,2,3,16,2,16,17,8,9,10,8,10,11,7,8,11,7,11,12,1,2,17,1,17,0],