{"__type__":"sp.SkeletonData","_name":"Seaweed_4","skeletonJsonStr":"{\n\"skeleton\": {\n\t\"hash\": \"Oc9G7wTlBYuzhQ4YuawjOTrsvMQ\",\n\t\"spine\": \"3.8.04-beta\",\n\t\"width\": 67,\n\t\"height\": 189,\n\t\"fps\": 60,\n\t\"images\": \"./images/\",\n\t\"audio\": \"E:/Work_for_fun/Outsources/Anim/MB_Bee/Projects/Seaweed\"\n},\n\"bones\": [\n\t{ \"name\": \"root\" },\n\t{ \"name\": \"4\", \"parent\": \"root\", \"x\": -0.94, \"y\": -0.23 },\n\t{ \"name\": \"5\", \"parent\": \"4\", \"x\": 4.88, \"y\": 40.92 },\n\t{ \"name\": \"6\", \"parent\": \"4\", \"x\": 29.54, \"y\": 77.51 },\n\t{ \"name\": \"7\", \"parent\": \"4\", \"x\": 31.98, \"y\": 115.72 },\n\t{ \"name\": \"8\", \"parent\": \"4\", \"x\": 40.11, \"y\": 150.4 }\n],\n\"slots\": [\n\t{ \"name\": \"4\", \"bone\": \"4\", \"attachment\": \"4\" }\n],\n\"skins\": {\n\t\"default\": {\n\t\t\"4\": {\n\t\t\t\"4\": {\n\t\t\t\t\"type\": \"mesh\",\n\t\t\t\t\"uvs\": [ 0, 1, 0, 0.79082, 0.17018, 0.64026, 0.3522, 0.54563, 0.10951, 0.42518, 0.14592, 0.26029, 0.17827, 0, 1, 0, 1, 0.14271, 1, 0.3922, 0.8133, 0.46533, 0.82544, 0.56713, 0.5868, 0.64743, 0.28748, 0.78651, 0.25108, 1, 0.59489, 0.21584, 0.52613, 0.43522 ],\n\t\t\t\t\"triangles\": [ 15, 6, 7, 8, 15, 7, 5, 6, 15, 10, 15, 8, 16, 5, 15, 10, 16, 15, 3, 4, 5, 8, 9, 10, 16, 3, 5, 12, 16, 10, 12, 10, 11, 3, 16, 12, 13, 3, 12, 13, 2, 3, 1, 2, 13, 13, 14, 1, 14, 0, 1 ],\n\t\t\t\t\"vertices\": [ 1, 1, -6.25, -7.56, 1, 2, 1, -6.25, 31.98, 0.18426, 2, -11.13, -8.94, 0.81574, 2, 2, 0.27, 19.51, 0.62645, 3, -24.39, -17.07, 0.37355, 3, 2, 12.47, 37.4, 0.07338, 3, -12.19, 0.81, 0.83414, 4, -14.63, -37.4, 0.09249, 3, 3, -28.45, 23.58, 0.27591, 4, -30.89, -14.63, 0.71647, 5, -39.02, -49.32, 0.00762, 3, 3, -26.02, 54.74, 0.00954, 4, -28.45, 16.53, 0.64249, 5, -36.58, -18.16, 0.34797, 2, 4, -26.29, 65.73, 0.01146, 5, -34.42, 31.04, 0.98854, 1, 5, 20.64, 31.04, 1, 2, 4, 28.77, 38.75, 0.02939, 5, 20.64, 4.07, 0.97061, 3, 3, 31.21, 29.81, 0.11031, 4, 28.77, -8.4, 0.81133, 5, 20.64, -43.09, 0.07836, 3, 3, 18.7, 15.99, 0.48895, 4, 16.26, -22.22, 0.50914, 5, 8.13, -56.91, 0.00192, 3, 2, 44.17, 33.33, 7.7E-4, 3, 19.51, -3.25, 0.94143, 4, 17.07, -41.46, 0.0578, 2, 2, 28.18, 18.16, 0.24014, 3, 3.52, -18.43, 0.75986, 3, 1, 13.01, 32.79, 0.10565, 2, 8.13, -8.13, 0.8802, 3, -16.53, -44.71, 0.01415, 2, 1, 10.57, -7.56, 1, 2, 5.69, -48.48, 0, 2, 4, 1.63, 24.93, 0.30207, 5, -6.5, -9.76, 0.69793, 2, 3, -0.54, 21.68, 0.38679, 4, -2.98, -16.53, 0.61321 ],\n\t\t\t\t\"hull\": 15,\n\t\t\t\t\"edges\": [ 0, 2, 2, 4, 4, 6, 6, 8, 8, 10, 10, 12, 12, 14, 14, 16, 16, 18, 18, 20, 20, 22, 22, 24, 24, 26, 26, 28, 0, 28 ],\n\t\t\t\t\"width\": 67,\n\t\t\t\t\"height\": 189\n\t\t\t}\n\t\t}\n\t}\n},\n\"animations\": {\n\t\"idle\": {\n\t\t\"bones\": {\n\t\t\t\"5\": {\n\t\t\t\t\"translate\": [\n\t\t\t\t\t{\n\t\t\t\t\t\t\"time\": 0,\n\t\t\t\t\t\t\"x\": -0.67,\n\t\t\t\t\t\t\"y\": 27.74,\n\t\t\t\t\t\t\"curve\": [ 0.25, 0, 0.75, 1 ]\n\t\t\t\t\t},\n\t\t\t\t\t{\n\t\t\t\t\t\t\"time\": 2.5,\n\t\t\t\t\t\t\"x\": -9.19,\n\t\t\t\t\t\t\"y\": 50.94,\n\t\t\t\t\t\t\"curve\": [ 0.25, 0, 0.75, 1 ]\n\t\t\t\t\t},\n\t\t\t\t\t{ \"time\": 5, \"x\": -0.67, \"y\": 27.74 }\n\t\t\t\t]\n\t\t\t},\n\t\t\t\"6\": {\n\t\t\t\t\"translate\": [\n\t\t\t\t\t{\n\t\t\t\t\t\t\"time\": 0,\n\t\t\t\t\t\t\"x\": -9.07,\n\t\t\t\t\t\t\"y\": 19.77,\n\t\t\t\t\t\t\"curve\": [ 0.358, 0.64, 0.693, 1 ]\n\t\t\t\t\t},\n\t\t\t\t\t{\n\t\t\t\t\t\t\"time\": 0.2333,\n\t\t\t\t\t\t\"x\": -8.51,\n\t\t\t\t\t\t\"y\": 17.93,\n\t\t\t\t\t\t\"curve\": [ 0.25, 0, 0.75, 1 ]\n\t\t\t\t\t},\n\t\t\t\t\t{\n\t\t\t\t\t\t\"time\": 2.7333,\n\t\t\t\t\t\t\"x\": -23.55,\n\t\t\t\t\t\t\"y\": 67.49,\n\t\t\t\t\t\t\"curve\": [ 0.245, 0, 0.713, 0.84 ]\n\t\t\t\t\t},\n\t\t\t\t\t{ \"time\": 5, \"x\": -9.07, \"y\": 19.77 }\n\t\t\t\t]\n\t\t\t},\n\t\t\t\"7\": {\n\t\t\t\t\"translate\": [\n\t\t\t\t\t{\n\t\t\t\t\t\t\"time\": 0,\n\t\t\t\t\t\t\"x\": -16.54,\n\t\t\t\t\t\t\"y\": 32.31,\n\t\t\t\t\t\t\"curve\": [ 0.382, 0.55, 0.74, 1 ]\n\t\t\t\t\t},\n\t\t\t\t\t{\n\t\t\t\t\t\t\"time\": 0.95,\n\t\t\t\t\t\t\"x\": -8.51,\n\t\t\t\t\t\t\"y\": 10.97,\n\t\t\t\t\t\t\"curve\": [ 0.25, 0, 0.75, 1 ]\n\t\t\t\t\t},\n\t\t\t\t\t{\n\t\t\t\t\t\t\"time\": 3.45,\n\t\t\t\t\t\t\"x\": -32,\n\t\t\t\t\t\t\"y\": 73.36,\n\t\t\t\t\t\t\"curve\": [ 0.244, 0, 0.64, 0.57 ]\n\t\t\t\t\t},\n\t\t\t\t\t{ \"time\": 5, \"x\": -16.54, \"y\": 32.31 }\n\t\t\t\t]\n\t\t\t},\n\t\t\t\"8\": {\n\t\t\t\t\"translate\": [\n\t\t\t\t\t{\n\t\t\t\t\t\t\"time\": 0,\n\t\t\t\t\t\t\"x\": -31.74,\n\t\t\t\t\t\t\"y\": 76.27,\n\t\t\t\t\t\t\"curve\": [ 0.337, 0.35, 0.758, 1 ]\n\t\t\t\t\t},\n\t\t\t\t\t{\n\t\t\t\t\t\t\"time\": 1.8333,\n\t\t\t\t\t\t\"x\": -8.51,\n\t\t\t\t\t\t\"y\": 7.7,\n\t\t\t\t\t\t\"curve\": [ 0.25, 0, 0.75, 1 ]\n\t\t\t\t\t},\n\t\t\t\t\t{\n\t\t\t\t\t\t\"time\": 4.3333,\n\t\t\t\t\t\t\"x\": -37.64,\n\t\t\t\t\t\t\"y\": 93.69,\n\t\t\t\t\t\t\"curve\": [ 0.273, 0, 0.62, 0.41 ]\n\t\t\t\t\t},\n\t\t\t\t\t{ \"time\": 5, \"x\": -31.74, \"y\": 76.27 }\n\t\t\t\t]\n\t\t\t}\n\t\t}\n\t}\n}\n}","_skeletonJson":{"skeleton":{"hash":"Oc9G7wTlBYuzhQ4YuawjOTrsvMQ","spine":"3.8.04-beta","width":67,"height":189,"fps":60,"images":"./images/","audio":"E:/Work_for_fun/Outsources/Anim/MB_Bee/Projects/Seaweed"},"bones":[{"name":"root"},{"name":"4","parent":"root","x":-0.94,"y":-0.23},{"name":"5","parent":"4","x":4.88,"y":40.92},{"name":"6","parent":"4","x":29.54,"y":77.51},{"name":"7","parent":"4","x":31.98,"y":115.72},{"name":"8","parent":"4","x":40.11,"y":150.4}],"slots":[{"name":"4","bone":"4","attachment":"4"}],"skins":{"default":{"4":{"4":{"type":"mesh","uvs":[0,1,0,0.79082,0.17018,0.64026,0.3522,0.54563,0.10951,0.42518,0.14592,0.26029,0.17827,0,1,0,1,0.14271,1,0.3922,0.8133,0.46533,0.82544,0.56713,0.5868,0.64743,0.28748,0.78651,0.25108,1,0.59489,0.21584,0.52613,0.43522],"triangles":[15,6,7,8,15,7,5,6,15,10,15,8,16,5,15,10,16,15,3,4,5,8,9,10,16,3,5,12,16,10,12,10,11,3,16,12,13,3,12,13,2,3,1,2,13,13,14,1,14,0,1],"vertices":[1,1,-6.25,-7.56,1,2,1,-6.25,31.98,0.18426,2,-11.13,-8.94,0.81574,2,2,0.27,19.51,0.62645,3,-24.39,-17.07,0.37355,3,2,12.47,37.4,0.07338,3,-12.19,0.81,0.83414,4,-14.63,-37.4,0.09249,3,3,-28.45,23.58,0.27591,4,-30.89,-14.63,0.71647,5,-39.02,-49.32,0.00762,3,3,-26.02,54.74,0.00954,4,-28.45,16.53,0.64249,5,-36.58,-18.16,0.34797,2,4,-26.29,65.73,0.01146,5,-34.42,31.04,0.98854,1,5,20.64,31.04,1,2,4,28.77,38.75,0.02939,5,20.64,4.07,0.97061,3,3,31.21,29.81,0.11031,4,28.77,-8.4,0.81133,5,20.64,-43.09,0.07836,3,3,18.7,15.99,0.48895,4,16.26,-22.22,0.50914,5,8.13,-56.91,0.00192,3,2,44.17,33.33,0.00077,3,19.51,-3.25,0.94143,4,17.07,-41.46,0.0578,2,2,28.18,18.16,0.24014,3,3.52,-18.43,0.75986,3,1,13.01,32.79,0.10565,2,8.13,-8.13,0.8802,3,-16.53,-44.71,0.01415,2,1,10.57,-7.56,1,2,5.69,-48.48,0,2,4,1.63,24.93,0.30207,5,-6.5,-9.76,0.69793,2,3,-0.54,21.68,0.38679,4,-2.98,-16.53,0.61321],"hull":15,"edges":[0,2,2,4,4,6,6,8,8,10,10,12,12,14,14,16,16,18,18,20,20,22,22,24,24,26,26,28,0,28],"width":67,"height":189}}}},"animations":{"idle":{"bones":{"5":{"translate":[{"time":0,"x":-0.67,"y":27.74,"curve":[0.25,0,0.75,1]},{"time":2.5,"x":-9.19,"y":50.94,"curve":[0.25,0,0.75,1]},{"time":5,"x":-0.67,"y":27.74}]},"6":{"translate":[{"time":0,"x":-9.07,"y":19.77,"curve":[0.358,0.64,0.693,1]},{"time":0.2333,"x":-8.51,"y":17.93,"curve":[0.25,0,0.75,1]},{"time":2.7333,"x":-23.55,"y":67.49,"curve":[0.245,0,0.713,0.84]},{"time":5,"x":-9.07,"y":19.77}]},"7":{"translate":[{"time":0,"x":-16.54,"y":32.31,"curve":[0.382,0.55,0.74,1]},{"time":0.95,"x":-8.51,"y":10.97,"curve":[0.25,0,0.75,1]},{"time":3.45,"x":-32,"y":73.36,"curve":[0.244,0,0.64,0.57]},{"time":5,"x":-16.54,"y":32.31}]},"8":{"translate":[{"time":0,"x":-31.74,"y":76.27,"curve":[0.337,0.35,0.758,1]},{"time":1.8333,"x":-8.51,"y":7.7,"curve":[0.25,0,0.75,1]},{"time":4.3333,"x":-37.64,"y":93.69,"curve":[0.273,0,0.62,0.41]},{"time":5,"x":-31.74,"y":76.27}]}}}}},