{"__type__":"sp.SkeletonData","_name":"Seaweed_3","skeletonJsonStr":"{\n\"skeleton\": {\n\t\"hash\": \"rX3AYIYiUjvqrSHIdGNRqlzDVOI\",\n\t\"spine\": \"3.8.04-beta\",\n\t\"width\": 76,\n\t\"height\": 107,\n\t\"fps\": 60,\n\t\"images\": \"./images/\",\n\t\"audio\": \"E:/Work_for_fun/Outsources/Anim/MB_Bee/Projects/Seaweed\"\n},\n\"bones\": [\n\t{ \"name\": \"root\" },\n\t{ \"name\": \"3\", \"parent\": \"root\", \"x\": -0.39, \"y\": 0.23 },\n\t{ \"name\": \"4\", \"parent\": \"3\", \"x\": -31.5, \"y\": 13.02 },\n\t{ \"name\": \"5\", \"parent\": \"3\", \"x\": 29.19, \"y\": 32.97 },\n\t{ \"name\": \"6\", \"parent\": \"3\", \"x\": -7.77, \"y\": 47.67 },\n\t{ \"name\": \"7\", \"parent\": \"3\", \"x\": 4.41, \"y\": 89.46 }\n],\n\"slots\": [\n\t{ \"name\": \"3\", \"bone\": \"3\", \"attachment\": \"3\" }\n],\n\"skins\": {\n\t\"default\": {\n\t\t\"3\": {\n\t\t\t\"3\": {\n\t\t\t\t\"type\": \"mesh\",\n\t\t\t\t\"uvs\": [ 0.19329, 1, 0.97803, 1, 0.89789, 0.87093, 1, 0.68841, 1, 0.40383, 0.80118, 0.36065, 0.80395, 0.09963, 0.57184, 0, 0.27066, 0, 0.48066, 0.17224, 0.31211, 0.34495, 0.20711, 0.60991, 0, 0.64327, 0, 0.87093, 0.57336, 0.92589, 0.39991, 0.73944, 0.72338, 0.57262, 0.57441, 0.36262 ],\n\t\t\t\t\"triangles\": [ 9, 8, 7, 6, 9, 7, 6, 17, 9, 5, 17, 6, 16, 5, 4, 3, 16, 4, 2, 16, 3, 10, 9, 17, 16, 17, 5, 15, 10, 17, 15, 17, 16, 11, 10, 15, 13, 12, 11, 0, 13, 11, 0, 11, 15, 14, 15, 16, 14, 16, 2, 0, 15, 14, 14, 2, 1, 0, 14, 1 ],\n\t\t\t\t\"vertices\": [ 1, 1, -26.04, -5.83, 1, 1, 1, 33.39, -5.83, 1, 3, 1, 27.3, 7.98, 0.81209, 4, 35.07, -39.69, 0.00146, 3, -1.89, -24.99, 0.18645, 2, 1, 35.06, 27.51, 0.04649, 3, 5.87, -5.46, 0.95351, 3, 4, 42.83, 10.29, 0.17989, 3, 5.87, 24.99, 0.73667, 5, 30.65, -31.5, 0.08344, 3, 4, 27.72, 14.91, 0.3414, 3, -9.24, 29.61, 0.38488, 5, 15.54, -26.88, 0.27372, 3, 4, 27.93, 42.84, 0.02809, 3, -9.03, 57.54, 0.01687, 5, 15.75, 1.05, 0.95504, 1, 5, -1.89, 11.71, 1, 1, 5, -24.78, 11.71, 1, 3, 4, 3.36, 35.07, 0.17354, 3, -33.6, 49.77, 0.00725, 5, -8.82, -6.72, 0.81921, 4, 2, 14.28, 51.24, 2.0E-5, 4, -9.45, 16.59, 0.8238, 3, -46.41, 31.29, 1.6E-4, 5, -21.63, -25.2, 0.17603, 4, 1, -25.2, 35.91, 0.03152, 2, 6.3, 22.89, 0.47898, 4, -17.43, -11.76, 0.48889, 3, -54.39, 2.94, 6.1E-4, 2, 2, -9.44, 19.32, 0.85778, 4, -33.17, -15.33, 0.14222, 2, 1, -40.94, 7.98, 0.00213, 2, -9.44, -5.04, 0.99787, 3, 1, 2.73, 2.1, 0.95012, 4, 10.5, -45.57, 0.01024, 3, -26.46, -30.87, 0.03964, 4, 1, -10.5, 22.05, 0.29875, 2, 21, 9.03, 0.32963, 4, -2.73, -25.62, 0.3116, 3, -39.69, -10.92, 0.06002, 5, 1, 14.07, 39.9, 0.05331, 2, 45.57, 26.88, 0.00333, 4, 21.84, -7.77, 0.34843, 3, -15.12, 6.93, 0.56897, 5, 9.66, -49.56, 0.02596, 3, 4, 10.5, 14.7, 0.59864, 3, -26.46, 29.4, 0.11201, 5, -1.68, -27.09, 0.28935 ],\n\t\t\t\t\"hull\": 14,\n\t\t\t\t\"edges\": [ 0, 2, 2, 4, 4, 6, 6, 8, 8, 10, 10, 12, 12, 14, 14, 16, 16, 18, 18, 20, 20, 22, 22, 24, 24, 26, 0, 26, 0, 28, 28, 4 ],\n\t\t\t\t\"width\": 76,\n\t\t\t\t\"height\": 107\n\t\t\t}\n\t\t}\n\t}\n},\n\"animations\": {\n\t\"idle\": {\n\t\t\"bones\": {\n\t\t\t\"4\": {\n\t\t\t\t\"translate\": [\n\t\t\t\t\t{\n\t\t\t\t\t\t\"time\": 0,\n\t\t\t\t\t\t\"x\": 6.51,\n\t\t\t\t\t\t\"y\": -9.4,\n\t\t\t\t\t\t\"curve\": [ 0.25, 0, 0.75, 1 ]\n\t\t\t\t\t},\n\t\t\t\t\t{\n\t\t\t\t\t\t\"time\": 2.8333,\n\t\t\t\t\t\t\"x\": -8.19,\n\t\t\t\t\t\t\"y\": 13.5,\n\t\t\t\t\t\t\"curve\": [ 0.25, 0, 0.75, 1 ]\n\t\t\t\t\t},\n\t\t\t\t\t{ \"time\": 5.6667, \"x\": 6.51, \"y\": -9.4 }\n\t\t\t\t]\n\t\t\t},\n\t\t\t\"5\": {\n\t\t\t\t\"translate\": [\n\t\t\t\t\t{\n\t\t\t\t\t\t\"time\": 0,\n\t\t\t\t\t\t\"x\": 6.12,\n\t\t\t\t\t\t\"y\": 24.52,\n\t\t\t\t\t\t\"curve\": [ 0.295, 0.19, 0.755, 1 ]\n\t\t\t\t\t},\n\t\t\t\t\t{\n\t\t\t\t\t\t\"time\": 2.5,\n\t\t\t\t\t\t\"x\": 4.34,\n\t\t\t\t\t\t\"y\": -19.76,\n\t\t\t\t\t\t\"curve\": [ 0.25, 0, 0.75, 1 ]\n\t\t\t\t\t},\n\t\t\t\t\t{\n\t\t\t\t\t\t\"time\": 5.3333,\n\t\t\t\t\t\t\"x\": 6.23,\n\t\t\t\t\t\t\"y\": 27.09,\n\t\t\t\t\t\t\"curve\": [ 0.301, 0, 0.637, 0.36 ]\n\t\t\t\t\t},\n\t\t\t\t\t{ \"time\": 5.6667, \"x\": 6.12, \"y\": 24.52 }\n\t\t\t\t]\n\t\t\t},\n\t\t\t\"6\": {\n\t\t\t\t\"translate\": [\n\t\t\t\t\t{\n\t\t\t\t\t\t\"time\": 0,\n\t\t\t\t\t\t\"x\": -0.42,\n\t\t\t\t\t\t\"y\": -13.37,\n\t\t\t\t\t\t\"curve\": [ 0.377, 0.61, 0.719, 1 ]\n\t\t\t\t\t},\n\t\t\t\t\t{\n\t\t\t\t\t\t\"time\": 0.6167,\n\t\t\t\t\t\t\"x\": 0,\n\t\t\t\t\t\t\"y\": -19.28,\n\t\t\t\t\t\t\"curve\": [ 0.25, 0, 0.75, 1 ]\n\t\t\t\t\t},\n\t\t\t\t\t{\n\t\t\t\t\t\t\"time\": 3.45,\n\t\t\t\t\t\t\"x\": -2.89,\n\t\t\t\t\t\t\"y\": 20.97,\n\t\t\t\t\t\t\"curve\": [ 0.243, 0, 0.675, 0.7 ]\n\t\t\t\t\t},\n\t\t\t\t\t{ \"time\": 5.6667, \"x\": -0.42, \"y\": -13.37 }\n\t\t\t\t]\n\t\t\t},\n\t\t\t\"7\": {\n\t\t\t\t\"translate\": [\n\t\t\t\t\t{\n\t\t\t\t\t\t\"time\": 0,\n\t\t\t\t\t\t\"x\": 3.04,\n\t\t\t\t\t\t\"y\": 12.3,\n\t\t\t\t\t\t\"curve\": [ 0.354, 0.41, 0.756, 1 ]\n\t\t\t\t\t},\n\t\t\t\t\t{\n\t\t\t\t\t\t\"time\": 1.85,\n\t\t\t\t\t\t\"x\": 0,\n\t\t\t\t\t\t\"y\": -33.26,\n\t\t\t\t\t\t\"curve\": [ 0.25, 0, 0.75, 1 ]\n\t\t\t\t\t},\n\t\t\t\t\t{\n\t\t\t\t\t\t\"time\": 4.6833,\n\t\t\t\t\t\t\"x\": 4.34,\n\t\t\t\t\t\t\"y\": 31.81,\n\t\t\t\t\t\t\"curve\": [ 0.263, 0, 0.618, 0.43 ]\n\t\t\t\t\t},\n\t\t\t\t\t{ \"time\": 5.6667, \"x\": 3.04, \"y\": 12.3 }\n\t\t\t\t]\n\t\t\t}\n\t\t}\n\t}\n}\n}","_skeletonJson":{"skeleton":{"hash":"rX3AYIYiUjvqrSHIdGNRqlzDVOI","spine":"3.8.04-beta","width":76,"height":107,"fps":60,"images":"./images/","audio":"E:/Work_for_fun/Outsources/Anim/MB_Bee/Projects/Seaweed"},"bones":[{"name":"root"},{"name":"3","parent":"root","x":-0.39,"y":0.23},{"name":"4","parent":"3","x":-31.5,"y":13.02},{"name":"5","parent":"3","x":29.19,"y":32.97},{"name":"6","parent":"3","x":-7.77,"y":47.67},{"name":"7","parent":"3","x":4.41,"y":89.46}],"slots":[{"name":"3","bone":"3","attachment":"3"}],"skins":{"default":{"3":{"3":{"type":"mesh","uvs":[0.19329,1,0.97803,1,0.89789,0.87093,1,0.68841,1,0.40383,0.80118,0.36065,0.80395,0.09963,0.57184,0,0.27066,0,0.48066,0.17224,0.31211,0.34495,0.20711,0.60991,0,0.64327,0,0.87093,0.57336,0.92589,0.39991,0.73944,0.72338,0.57262,0.57441,0.36262],"triangles":[9,8,7,6,9,7,6,17,9,5,17,6,16,5,4,3,16,4,2,16,3,10,9,17,16,17,5,15,10,17,15,17,16,11,10,15,13,12,11,0,13,11,0,11,15,14,15,16,14,16,2,0,15,14,14,2,1,0,14,1],"vertices":[1,1,-26.04,-5.83,1,1,1,33.39,-5.83,1,3,1,27.3,7.98,0.81209,4,35.07,-39.69,0.00146,3,-1.89,-24.99,0.18645,2,1,35.06,27.51,0.04649,3,5.87,-5.46,0.95351,3,4,42.83,10.29,0.17989,3,5.87,24.99,0.73667,5,30.65,-31.5,0.08344,3,4,27.72,14.91,0.3414,3,-9.24,29.61,0.38488,5,15.54,-26.88,0.27372,3,4,27.93,42.84,0.02809,3,-9.03,57.54,0.01687,5,15.75,1.05,0.95504,1,5,-1.89,11.71,1,1,5,-24.78,11.71,1,3,4,3.36,35.07,0.17354,3,-33.6,49.77,0.00725,5,-8.82,-6.72,0.81921,4,2,14.28,51.24,0.00002,4,-9.45,16.59,0.8238,3,-46.41,31.29,0.00016,5,-21.63,-25.2,0.17603,4,1,-25.2,35.91,0.03152,2,6.3,22.89,0.47898,4,-17.43,-11.76,0.48889,3,-54.39,2.94,0.00061,2,2,-9.44,19.32,0.85778,4,-33.17,-15.33,0.14222,2,1,-40.94,7.98,0.00213,2,-9.44,-5.04,0.99787,3,1,2.73,2.1,0.95012,4,10.5,-45.57,0.01024,3,-26.46,-30.87,0.03964,4,1,-10.5,22.05,0.29875,2,21,9.03,0.32963,4,-2.73,-25.62,0.3116,3,-39.69,-10.92,0.06002,5,1,14.07,39.9,0.05331,2,45.57,26.88,0.00333,4,21.84,-7.77,0.34843,3,-15.12,6.93,0.56897,5,9.66,-49.56,0.02596,3,4,10.5,14.7,0.59864,3,-26.46,29.4,0.11201,5,-1.68,-27.09,0.28935],"hull":14,"edges":[0,2,2,4,4,6,6,8,8,10,10,12,12,14,14,16,16,18,18,20,20,22,22,24,24,26,0,26,0,28,28,4],"width":76,"height":107}}}},"animations":{"idle":{"bones":{"4":{"translate":[{"time":0,"x":6.51,"y":-9.4,"curve":[0.25,0,0.75,1]},{"time":2.8333,"x":-8.19,"y":13.5,"curve":[0.25,0,0.75,1]},{"time":5.6667,"x":6.51,"y":-9.4}]},"5":{"translate":[{"time":0,"x":6.12,"y":24.52,"curve":[0.295,0.19,0.755,1]},{"time":2.5,"x":4.34,"y":-19.76,"curve":[0.25,0,0.75,1]},{"time":5.3333,"x":6.23,"y":27.09,"curve":[0.301,0,0.637,0.36]},{"time":5.6667,"x":6.12,"y":24.52}]},"6":{"translate":[{"time":0,"x":-0.42,"y":-13.37,"curve":[0.377,0.61,0.719,1]},{"time":0.6167,"x":0,"y":-19.28,