{"__type__":"sp.SkeletonData","_name":"Seaweed_6","skeletonJsonStr":"{\n\"skeleton\": {\n\t\"hash\": \"VWZPNDqS1JomARebCbqUdFXqe/Q\",\n\t\"spine\": \"3.8.04-beta\",\n\t\"width\": 47,\n\t\"height\": 555,\n\t\"fps\": 60,\n\t\"images\": \"./images/\",\n\t\"audio\": \"E:/Work_for_fun/Outsources/Anim/MB_Bee/Projects/Seaweed\"\n},\n\"bones\": [\n\t{ \"name\": \"root\" },\n\t{ \"name\": \"6\", \"parent\": \"root\", \"x\": -1.92, \"y\": 0.94 },\n\t{ \"name\": \"7\", \"parent\": \"6\", \"y\": 135.47 },\n\t{ \"name\": \"8\", \"parent\": \"6\", \"x\": -1.91, \"y\": 266.17 },\n\t{ \"name\": \"9\", \"parent\": \"6\", \"x\": 8.59, \"y\": 358.7 },\n\t{ \"name\": \"10\", \"parent\": \"6\", \"x\": 14.46, \"y\": 405.57 },\n\t{ \"name\": \"11\", \"parent\": \"6\", \"x\": 7.78, \"y\": 437.13 },\n\t{ \"name\": \"12\", \"parent\": \"6\", \"x\": 1.71, \"y\": 462.63 }\n],\n\"slots\": [\n\t{ \"name\": \"6\", \"bone\": \"6\", \"attachment\": \"6\" }\n],\n\"skins\": {\n\t\"default\": {\n\t\t\"6\": {\n\t\t\t\"6\": {\n\t\t\t\t\"type\": \"mesh\",\n\t\t\t\t\"uvs\": [ 1, 1, 0, 1, 0, 0.75, 0, 0.5, 0, 0.25, 0, 0.15887, 0, 0.07636, 0, 0, 1, 0, 1, 0.07636, 1, 0.16403, 1, 0.25, 1, 0.5, 1, 0.75 ],\n\t\t\t\t\"triangles\": [ 4, 10, 11, 3, 4, 11, 3, 11, 12, 2, 3, 12, 2, 12, 13, 6, 7, 8, 6, 8, 9, 5, 6, 9, 5, 9, 10, 4, 5, 10, 1, 2, 13, 1, 13, 0 ],\n\t\t\t\t\"vertices\": [ 1, 1, 32.54, -72.83, 1, 1, 1, -14.46, -72.83, 1, 2, 1, -14.46, 65.92, 0.49987, 2, -14.46, -69.54, 0.50013, 2, 2, -14.46, 69.21, 0.44071, 3, -12.55, -61.49, 0.55929, 3, 5, -28.92, -62.15, 0.00209, 3, -12.55, 77.26, 0.10885, 4, -23.04, -15.28, 0.88905, 3, 5, -28.92, -11.57, 0.64891, 6, -22.24, -43.13, 0.08521, 4, -23.04, 35.3, 0.26588, 3, 5, -28.92, 34.22, 0.07199, 6, -22.24, 2.66, 0.6657, 7, -16.17, -22.83, 0.26231, 1, 7, -16.17, 19.55, 1, 2, 6, 24.76, 45.04, 0.08779, 7, 30.83, 19.55, 0.91221, 3, 5, 18.08, 34.22, 0.13594, 6, 24.76, 2.66, 0.69488, 7, 30.83, -22.83, 0.16918, 2, 5, 18.08, -14.43, 0.75541, 4, 23.96, 32.44, 0.24459, 3, 5, 18.08, -62.15, 0.00803, 3, 34.45, 77.26, 0.10574, 4, 23.96, -15.28, 0.88624, 2, 2, 32.54, 69.21, 0.44142, 3, 34.45, -61.49, 0.55858, 2, 1, 32.54, 65.92, 0.49915, 2, 32.54, -69.54, 0.50085 ],\n\t\t\t\t\"hull\": 14,\n\t\t\t\t\"edges\": [ 0, 2, 2, 4, 4, 6, 6, 8, 14, 16, 22, 24, 24, 26, 26, 0, 8, 10, 20, 22, 10, 12, 12, 14, 16, 18, 18, 20 ],\n\t\t\t\t\"width\": 47,\n\t\t\t\t\"height\": 555\n\t\t\t}\n\t\t}\n\t}\n},\n\"animations\": {\n\t\"idle\": {\n\t\t\"bones\": {\n\t\t\t\"7\": {\n\t\t\t\t\"translate\": [\n\t\t\t\t\t{\n\t\t\t\t\t\t\"time\": 0,\n\t\t\t\t\t\t\"x\": -28.74,\n\t\t\t\t\t\t\"y\": -17.61,\n\t\t\t\t\t\t\"curve\": [ 0.25, 0, 0.75, 1 ]\n\t\t\t\t\t},\n\t\t\t\t\t{\n\t\t\t\t\t\t\"time\": 3.3333,\n\t\t\t\t\t\t\"x\": 30.59,\n\t\t\t\t\t\t\"y\": 12.98,\n\t\t\t\t\t\t\"curve\": [ 0.25, 0, 0.75, 1 ]\n\t\t\t\t\t},\n\t\t\t\t\t{ \"time\": 6.6667, \"x\": -28.74, \"y\": -17.61 }\n\t\t\t\t]\n\t\t\t},\n\t\t\t\"8\": {\n\t\t\t\t\"translate\": [\n\t\t\t\t\t{\n\t\t\t\t\t\t\"time\": 0,\n\t\t\t\t\t\t\"x\": -27.32,\n\t\t\t\t\t\t\"y\": -16.88,\n\t\t\t\t\t\t\"curve\": [ 0.353, 0.65, 0.688, 1 ]\n\t\t\t\t\t},\n\t\t\t\t\t{\n\t\t\t\t\t\t\"time\": 0.2333,\n\t\t\t\t\t\t\"x\": -28.74,\n\t\t\t\t\t\t\"y\": -17.61,\n\t\t\t\t\t\t\"curve\": [ 0.25, 0, 0.75, 1 ]\n\t\t\t\t\t},\n\t\t\t\t\t{\n\t\t\t\t\t\t\"time\": 3.5667,\n\t\t\t\t\t\t\"x\": 30.59,\n\t\t\t\t\t\t\"y\": 12.98,\n\t\t\t\t\t\t\"curve\": [ 0.246, 0, 0.722, 0.88 ]\n\t\t\t\t\t},\n\t\t\t\t\t{ \"time\": 6.6667, \"x\": -27.32, \"y\": -16.88 }\n\t\t\t\t]\n\t\t\t},\n\t\t\t\"9\": {\n\t\t\t\t\"translate\": [\n\t\t\t\t\t{\n\t\t\t\t\t\t\"time\": 0,\n\t\t\t\t\t\t\"x\": -19.41,\n\t\t\t\t\t\t\"y\": -12.8,\n\t\t\t\t\t\t\"curve\": [ 0.377, 0.61, 0.72, 1 ]\n\t\t\t\t\t},\n\t\t\t\t\t{\n\t\t\t\t\t\t\"time\": 0.75,\n\t\t\t\t\t\t\"x\": -28.74,\n\t\t\t\t\t\t\"y\": -17.61,\n\t\t\t\t\t\t\"curve\": [ 0.25, 0, 0.75, 1 ]\n\t\t\t\t\t},\n\t\t\t\t\t{\n\t\t\t\t\t\t\"time\": 4.0833,\n\t\t\t\t\t\t\"x\": 30.59,\n\t\t\t\t\t\t\"y\": 12.98,\n\t\t\t\t\t\t\"curve\": [ 0.242, 0, 0.673, 0.69 ]\n\t\t\t\t\t},\n\t\t\t\t\t{ \"time\": 6.6667, \"x\": -19.41, \"y\": -12.8 }\n\t\t\t\t]\n\t\t\t},\n\t\t\t\"10\": {\n\t\t\t\t\"translate\": [\n\t\t\t\t\t{\n\t\t\t\t\t\t\"time\": 0,\n\t\t\t\t\t\t\"x\": -8.82,\n\t\t\t\t\t\t\"y\": -7.34,\n\t\t\t\t\t\t\"curve\": [ 0.382, 0.56, 0.74, 1 ]\n\t\t\t\t\t},\n\t\t\t\t\t{\n\t\t\t\t\t\t\"time\": 1.25,\n\t\t\t\t\t\t\"x\": -28.74,\n\t\t\t\t\t\t\"y\": -17.61,\n\t\t\t\t\t\t\"curve\": [ 0.25, 0, 0.75, 1 ]\n\t\t\t\t\t},\n\t\t\t\t\t{\n\t\t\t\t\t\t\"time\": 4.5833,\n\t\t\t\t\t\t\"x\": 30.59,\n\t\t\t\t\t\t\"y\": 12.98,\n\t\t\t\t\t\t\"curve\": [ 0.244, 0, 0.641, 0.57 ]\n\t\t\t\t\t},\n\t\t\t\t\t{ \"time\": 6.6667, \"x\": -8.82, \"y\": -7.34 }\n\t\t\t\t]\n\t\t\t},\n\t\t\t\"11\": {\n\t\t\t\t\"translate\": [\n\t\t\t\t\t{\n\t\t\t\t\t\t\"time\": 0,\n\t\t\t\t\t\t\"x\": 2.49,\n\t\t\t\t\t\t\"y\": -1.51,\n\t\t\t\t\t\t\"curve\": [ 0.373, 0.49, 0.751, 1 ]\n\t\t\t\t\t},\n\t\t\t\t\t{\n\t\t\t\t\t\t\"time\": 1.7333,\n\t\t\t\t\t\t\"x\": -28.74,\n\t\t\t\t\t\t\"y\": -17.61,\n\t\t\t\t\t\t\"curve\": [ 0.25, 0, 0.75, 1 ]\n\t\t\t\t\t},\n\t\t\t\t\t{\n\t\t\t\t\t\t\"time\": 5.0667,\n\t\t\t\t\t\t\"x\": 30.59,\n\t\t\t\t\t\t\"y\": 12.98,\n\t\t\t\t\t\t\"curve\": [ 0.251, 0, 0.623, 0.49 ]\n\t\t\t\t\t},\n\t\t\t\t\t{ \"time\": 6.6667, \"x\": 2.49, \"y\": -1.51 }\n\t\t\t\t]\n\t\t\t},\n\t\t\t\"12\": {\n\t\t\t\t\"translate\": [\n\t\t\t\t\t{\n\t\t\t\t\t\t\"time\": 0,\n\t\t\t\t\t\t\"x\": 11.41,\n\t\t\t\t\t\t\"y\": 3.09,\n\t\t\t\t\t\t\"curve\": [ 0.357, 0.42, 0.756, 1 ]\n\t\t\t\t\t},\n\t\t\t\t\t{\n\t\t\t\t\t\t\"time\": 2.1167,\n\t\t\t\t\t\t\"x\": -28.74,\n\t\t\t\t\t\t\"y\": -17.61,\n\t\t\t\t\t\t\"curve\": [ 0.25, 0, 0.75, 1 ]\n\t\t\t\t\t},\n\t\t\t\t\t{\n\t\t\t\t\t\t\"time\": 5.45,\n\t\t\t\t\t\t\"x\": 30.59,\n\t\t\t\t\t\t\"y\": 12.98,\n\t\t\t\t\t\t\"curve\": [ 0.261, 0, 0.618, 0.44 ]\n\t\t\t\t\t},\n\t\t\t\t\t{ \"time\": 6.6667, \"x\": 11.41, \"y\": 3.09 }\n\t\t\t\t]\n\t\t\t}\n\t\t}\n\t}\n}\n}","_skeletonJson":{"skeleton":{"hash":"VWZPNDqS1JomARebCbqUdFXqe/Q","spine":"3.8.04-beta","width":47,"height":555,"fps":60,"images":"./images/","audio":"E:/Work_for_fun/Outsources/Anim/MB_Bee/Projects/Seaweed"},"bones":[{"name":"root"},{"name":"6","parent":"root","x":-1.92,"y":0.94},{"name":"7","parent":"6","y":135.47},{"name":"8","parent":"6","x":-1.91,"y":266.17},{"name":"9","parent":"6","x":8.59,"y":358.7},{"name":"10","parent":"6","x":14.46,"y":405.57},{"name":"11","parent":"6","x":7.78,"y":437.13},{"name":"12","parent":"6","x":1.71,"y":462.63}],"slots":[{"name":"6","bone":"6","attachment":"6"}],"skins":{"default":{"6":{"6":{"type":"mesh","uvs":[1,1,0,1,0,0.75,0,0.5,0,0.25,0,0.15887,0,0.07636,0,0,1,0,1,0.07636,1,0.16403,1,0.25,1,0.5,1,0.75],"triangles":[4,10,11,3,4,11,3,11,12,2,3,12,2,12,13,6,7,8,6,8,9,5,6,9,5,9,10,4,5,10,1,2,13,1,13,0],"vertices":[1,1,32.54,-72.83,1,1,1,-14.46,-72.83,1,2,1,-14.46,65.92,0.49987,2,-14.46,-69.54,0.50013,2,2,-14.46,69.21,0.44071,3,-12.55,-61.49,0.55929,3,5,-28.92,-62.15,0.00209,3,-12.55,77.26,0.10885,4,-23.04,-15.28,0.88905,3,5,-28.92,-11.57,0.64891,6,-22.24,-43.13,0.08521,4,-23.04,35.3,0.26588,3,5,-28.92,34.22,0.07199,6,-22.24,2.66,0.6657,7,-16.17,-22.83,0.26231,1,7,-16.17,19.55,1,2,6,24.76,45.04,0.08779,7,30.83,19.55,0.91221,3,5,18.08,34.22,0.13594,6,24.76,2.66,0.69488,7,30.83,-22.83,0.16918,2,5,18.08,-14.43,0.75541,4,23.96,32.44,0.24459,3,5,18.08,-62.15,0.00803,3,34.45,77.26,0.10574,4,23.96,-15.28,0.88624,2,2,32.54,69.21,0.44142,3,34.45,-61.49,0.55858,2,1,32.54,65.92,0.49915,2,32.54,-69.54,0.50085],"hull":14,"edges":[0,2,2,4,4,6,6,8,14,16,22,24,24,26,26,0,8,10,20,22,10,12,12,14,16,18,18,20],"width":47,"height":555}}}},"animations":{"idle":{"bones":{"7":{"translate":[{"time":0,"x":-28.74,"y":-17.61,"curve":[0.25,0,0.75,1]},{"time":3.3333,"x":30.59,"y":12.98,"curve":[0.25,0,0.75,1]},{"time":6.6667,"x":-28.74,"y":-17.61}]},"8":{"translate":[{"time":0,"x":-27.32,"y":-16.88,"curve":[0.353,0.65,0.688,1]},{"time":0.2333,"x":-28.74,"y":-17.61,"curve":[0.25,0,0.75,1]},{"time":3.5667,"x":30.59,"y":12.98,