{"__type__":"sp.SkeletonData","_name":"Seaweed_1","skeletonJsonStr":"{\n\"skeleton\": { \"hash\": \"WFHdKw+h7B+tdY9lL2XNPW1Xc2Q\", \"spine\": \"3.8.04-beta\", \"width\": 199, \"height\": 242, \"images\": \"./images/\", \"audio\": \"\" },\n\"bones\": [\n\t{ \"name\": \"root\" },\n\t{ \"name\": \"1\", \"parent\": \"root\", \"x\": -0.83, \"y\": 0.74 },\n\t{ \"name\": \"2\", \"parent\": \"1\", \"x\": -42.07, \"y\": 53.82 },\n\t{ \"name\": \"3\", \"parent\": \"1\", \"x\": 21.22, \"y\": 69.74 },\n\t{ \"name\": \"4\", \"parent\": \"1\", \"x\": -21.98, \"y\": 109.91 },\n\t{ \"name\": \"5\", \"parent\": \"1\", \"x\": 75.42, \"y\": 86.41 },\n\t{ \"name\": \"6\", \"parent\": \"1\", \"x\": 79.21, \"y\": 133.41 },\n\t{ \"name\": \"7\", \"parent\": \"1\", \"x\": -85.65, \"y\": 137.58 },\n\t{ \"name\": \"8\", \"parent\": \"1\", \"x\": 33.35, \"y\": 162.97 },\n\t{ \"name\": \"9\", \"parent\": \"1\", \"x\": 6.44, \"y\": 214.13 }\n],\n\"slots\": [\n\t{ \"name\": \"1\", \"bone\": \"1\", \"attachment\": \"1\" }\n],\n\"skins\": {\n\t\"default\": {\n\t\t\"1\": {\n\t\t\t\"1\": {\n\t\t\t\t\"type\": \"mesh\",\n\t\t\t\t\"uvs\": [ 0.3468, 1, 0.48208, 1, 0.61737, 1, 0.57166, 0.87806, 0.65736, 0.77783, 0.87829, 0.74338, 0.99446, 0.64001, 0.91447, 0.50533, 1, 0.4004, 0.92971, 0.35811, 0.70117, 0.43799, 0.72402, 0.25162, 0.61166, 0.12006, 0.45039, 0, 0.44246, 0.13271, 0.5059, 0.31855, 0.38299, 0.41527, 0.15831, 0.35224, 0.12659, 0.18814, 0, 0.29138, 0, 0.50439, 0.10162, 0.55655, 0.01003, 0.77579, 0.14435, 0.84189, 0.27868, 0.908, 0.44349, 0.89293, 0.27866, 0.72725, 0.48251, 0.66625, 0.69728, 0.60363, 0.28036, 0.54367, 0.55332, 0.48876 ],\n\t\t\t\t\"triangles\": [ 15, 14, 12, 14, 13, 12, 28, 30, 10, 30, 15, 10, 10, 15, 11, 15, 12, 11, 28, 10, 7, 7, 9, 8, 7, 10, 9, 29, 21, 17, 21, 20, 17, 20, 19, 17, 19, 18, 17, 4, 28, 5, 5, 7, 6, 5, 28, 7, 3, 27, 4, 4, 27, 28, 27, 30, 28, 29, 16, 27, 27, 16, 30, 29, 17, 16, 16, 15, 30, 23, 26, 24, 26, 23, 21, 23, 22, 21, 26, 29, 27, 26, 21, 29, 25, 26, 27, 24, 26, 25, 1, 3, 2, 0, 25, 1, 1, 25, 3, 0, 24, 25, 25, 27, 3 ],\n\t\t\t\t\"vertices\": [ 1, 1, -24.66, -3.74, 1, 1, 1, 2.26, -3.74, 1, 1, 1, 29.18, -3.74, 1, 4, 1, 20.09, 25.77, 0.68, 2, 62.16, -28.05, 0.04157, 3, -1.14, -43.96, 0.27834, 5, -55.33, -60.64, 9.0E-5, 4, 1, 37.14, 50.03, 0.0669, 2, 79.21, -3.79, 0.00761, 3, 15.92, -19.71, 0.78672, 5, -38.28, -36.38, 0.13877, 2, 3, 59.88, -11.37, 0.11422, 5, 5.68, -28.05, 0.88578, 2, 5, 28.8, -3.03, 0.9875, 6, 25.01, -50.03, 0.0125, 5, 4, 110.29, 6.06, 6.5E-4, 3, 67.08, 46.24, 0.00101, 5, 12.89, 29.56, 0.36334, 6, 9.1, -17.43, 0.63155, 8, 54.95, -47, 0.00345, 1, 6, 26.12, 7.96, 1, 1, 6, 12.13, 18.19, 1, 5, 4, 67.84, 22.36, 0.10279, 3, 24.64, 62.53, 0.09932, 5, -29.56, 45.86, 0.09897, 6, -33.35, -1.14, 0.294, 8, 12.51, -30.7, 0.40491, 2, 8, 17.05, 14.4, 0.92072, 9, 43.96, -36.76, 0.07928, 2, 8, -5.31, 46.24, 0.26525, 9, 21.6, -4.93, 0.73475, 1, 9, -10.49, 24.13, 1, 2, 8, -38.98, 43.18, 0.05921, 9, -12.07, -7.99, 0.94079, 6, 4, 28.98, 51.26, 0.17748, 3, -14.22, 91.44, 0.00914, 5, -68.42, 74.76, 3.0E-4, 6, -72.21, 27.77, 0.00625, 8, -26.35, -1.8, 0.71854, 9, 0.56, -52.96, 0.0883, 6, 4, 4.52, 27.86, 0.75732, 3, -38.68, 68.03, 0.01004, 5, -92.88, 51.36, 9.0E-5, 7, 68.19, 0.19, 0.0593, 6, -96.67, 4.36, 0.00541, 8, -50.81, -25.2, 0.16784, 3, 2, -20.1, 99.2, 2.0E-5, 4, -40.19, 43.11, 0.18165, 7, 23.48, 15.44, 0.81833, 1, 7, 17.17, 55.16, 1, 1, 7, -8.02, 30.17, 1, 3, 2, -51.6, 62.38, 0.04635, 4, -71.69, 6.29, 0.06541, 7, -8.02, -21.38, 0.88824, 3, 2, -31.38, 49.76, 0.26939, 4, -51.47, -6.33, 0.29632, 7, 12.2, -34, 0.43429, 3, 2, -49.61, -3.29, 0.94258, 4, -69.69, -59.39, 0.0283, 7, -6.02, -87.05, 0.02912, 4, 1, -64.95, 34.53, 0.02763, 2, -22.88, -19.29, 0.967, 4, -42.96, -75.38, 6.9E-4, 7, 20.71, -103.05, 0.00468, 3, 1, -38.22, 18.53, 0.68, 2, 3.85, -35.29, 0.30729, 3, -59.44, -51.21, 0.01271, 3, 1, -5.42, 22.17, 0.68, 2, 36.65, -31.64, 0.16776, 3, -26.64, -47.56, 0.15224, 5, 1, -38.22, 62.27, 0.00178, 2, 3.85, 8.45, 0.8443, 4, -16.24, -47.64, 0.1004, 3, -59.44, -7.47, 0.04632, 7, 47.43, -75.31, 0.0072, 7, 1, 2.35, 77.03, 0.01418, 2, 44.41, 23.21, 0.1244, 4, 24.33, -32.88, 0.2238, 3, -18.88, 7.29, 0.62426, 5, -73.08, -9.38, 6.5E-4, 6, -76.87, -56.38, 0.00289, 8, -31.01, -85.94, 0.00982, 5, 4, 67.07, -17.72, 0.05924, 3, 23.86, 22.45, 0.40352, 5, -30.34, 5.77, 0.38027, 6, -34.13, -41.22, 0.08773, 8, 11.73, -70.78, 0.06924, 4, 2, 4.19, 52.88, 0.12966, 4, -15.9, -3.21, 0.74968, 3, -59.11, 36.96, 0.0023, 7, 47.77, -30.88, 0.11837, 5, 4, 38.42, 10.07, 0.39612, 3, -4.79, 50.25, 0.18892, 5, -58.98, 33.57, 0.04496, 6, -62.77, -13.42, 0.06846, 8, -16.92, -42.99, 0.30153 ],\n\t\t\t\t\"hull\": 25,\n\t\t\t\t\"edges\": [ 0, 2, 2, 4, 4, 6, 6, 8, 8, 10, 10, 12, 12, 14, 14, 16, 16, 18, 18, 20, 20, 22, 22, 24, 24, 26, 26, 28, 28, 30, 30, 32, 32, 34, 34, 36, 36, 38, 38, 40, 40, 42, 42, 44, 44, 46, 46, 48, 48, 0, 48, 50, 50, 6 ],\n\t\t\t\t\"width\": 199,\n\t\t\t\t\"height\": 242\n\t\t\t}\n\t\t}\n\t}\n},\n\"animations\": {\n\t\"idle\": {\n\t\t\"bones\": {\n\t\t\t\"2\": {\n\t\t\t\t\"translate\": [\n\t\t\t\t\t{\n\t\t\t\t\t\t\"time\": 0,\n\t\t\t\t\t\t\"x\": 5.36,\n\t\t\t\t\t\t\"y\": -15.48,\n\t\t\t\t\t\t\"curve\": [ 0.369, 0.63, 0.707, 1 ]\n\t\t\t\t\t},\n\t\t\t\t\t{ \"time\": 0.6667, \"x\": 9.12, \"y\": -16.8 },\n\t\t\t\t\t{\n\t\t\t\t\t\t\"time\": 5,\n\t\t\t\t\t\t\"x\": -34.56,\n\t\t\t\t\t\t\"y\": -1.44,\n\t\t\t\t\t\t\"curve\": [ 0.244, 0, 0.693, 0.76 ]\n\t\t\t\t\t},\n\t\t\t\t\t{ \"time\": 8.6667, \"x\": 5.36, \"y\": -15.48 }\n\t\t\t\t]\n\t\t\t},\n\t\t\t\"3\": {\n\t\t\t\t\"translate\": [\n\t\t\t\t\t{\n\t\t\t\t\t\t\"time\": 0,\n\t\t\t\t\t\t\"x\": 1.37,\n\t\t\t\t\t\t\"y\": 28.11,\n\t\t\t\t\t\t\"curve\": [ 0.359, 0.43, 0.756, 1 ]\n\t\t\t\t\t},\n\t\t\t\t\t{ \"time\": 2.7, \"x\": -8.16, \"y\": -22.08 },\n\t\t\t\t\t{\n\t\t\t\t\t\t\"time\": 7.0333,\n\t\t\t\t\t\t\"x\": 6.24,\n\t\t\t\t\t\t\"y\": 53.76,\n\t\t\t\t\t\t\"curve\": [ 0.26, 0, 0.618, 0.45 ]\n\t\t\t\t\t},\n\t\t\t\t\t{ \"time\": 8.6667, \"x\": 1.37, \"y\": 28.11 }\n\t\t\t\t]\n\t\t\t},\n\t\t\t\"4\": {\n\t\t\t\t\"translate\": [\n\t\t\t\t\t{\n\t\t\t\t\t\t\"time\": 0,\n\t\t\t\t\t\t\"x\": 14.4,\n\t\t\t\t\t\t\"y\": -29.28,\n\t\t\t\t\t\t\"curve\": [ 0.25, 0, 0.75, 1 ]\n\t\t\t\t\t},\n\t\t\t\t\t{\n\t\t\t\t\t\t\"time\": 4.3333,\n\t\t\t\t\t\t\"x\": -19.87,\n\t\t\t\t\t\t\"y\": 4.45,\n\t\t\t\t\t\t\"curve\": [ 0.25, 0, 0.75, 1 ]\n\t\t\t\t\t},\n\t\t\t\t\t{ \"time\": 8.6667, \"x\": 14.4, \"y\": -29.28 }\n\t\t\t\t]\n\t\t\t},\n\t\t\t\"5\": {\n\t\t\t\t\"translate\": [\n\t\t\t\t\t{\n\t\t\t\t\t\t\"time\": 0,\n\t\t\t\t\t\t\"x\": -5.71,\n\t\t\t\t\t\t\"y\": -12.39,\n\t\t\t\t\t\t\"curve\": [ 0.359, 0.43, 0.756, 1 ]\n\t\t\t\t\t},\n\t\t\t\t\t{\n\t\t\t\t\t\t\"time\": 2.7,\n\t\t\t\t\t\t\"x\": -4.68,\n\t\t\t\t\t\t\"y\": 32.89,\n\t\t\t\t\t\t\"curve\": [ 0.25, 0, 0.75, 1 ]\n\t\t\t\t\t},\n\t\t\t\t\t{ \"time\": 7.0333, \"x\": -6.24, \"y\": -35.52 },\n\t\t\t\t\t{ \"time\": 8.6667, \"x\": -5.71, \"y\": -12.39 }\n\t\t\t\t]\n\t\t\t},\n\t\t\t\"6\": {\n\t\t\t\t\"translate\": [\n\t\t\t\t\t{\n\t\t\t\t\t\t\"time\": 0,\n\t\t\t\t\t\t\"x\": 7.28,\n\t\t\t\t\t\t\"y\": -20.65,\n\t\t\t\t\t\t\"curve\": [ 0.364, 0.64, 0.701, 1 ]\n\t\t\t\t\t},\n\t\t\t\t\t{ \"time\": 0.5333, \"x\": 7.68, \"y\": -24 },\n\t\t\t\t\t{\n\t\t\t\t\t\t\"time\": 4.8667,\n\t\t\t\t\t\t\"x\": 1.11,\n\t\t\t\t\t\t\"y\": 30.72,\n\t\t\t\t\t\t\"curve\": [ 0.244, 0, 0.703, 0.8 ]\n\t\t\t\t\t},\n\t\t\t\t\t{ \"time\": 8.6667, \"x\": 7.28, \"y\": -20.65 }\n\t\t\t\t]\n\t\t\t},\n\t\t\t\"7\": {\n\t\t\t\t\"translate\": [\n\t\t\t\t\t{\n\t\t\t\t\t\t\"time\": 0,\n\t\t\t\t\t\t\"x\": 5.09,\n\t\t\t\t\t\t\"y\": 2.94,\n\t\t\t\t\t\t\"curve\": [ 0.316, 0.27, 0.757, 1 ]\n\t\t\t\t\t},\n\t\t\t\t\t{ \"time\": 3.5333, \"x\": 17.76, \"y\": -48.96 },\n\t\t\t\t\t{\n\t\t\t\t\t\t\"time\": 7.8667,\n\t\t\t\t\t\t\"x\": 3.48,\n\t\t\t\t\t\t\"y\": 9.58,\n\t\t\t\t\t\t\"curve\": [ 0.287, 0, 0.627, 0.38 ]\n\t\t\t\t\t},\n\t\t\t\t\t{ \"time\": 8.6667, \"x\": 5.09, \"y\": 2.94 }\n\t\t\t\t]\n\t\t\t},\n\t\t\t\"8\": {\n\t\t\t\t\"translate\": 